,epsilon,min_size,score,nb_clusters,var_portion
0,0.05,2.0,-0.02526853896162614,56.0,0.5
1,0.05,3.0,-0.2152918901852212,21.0,0.5
2,0.05,4.0,-0.21962230494356333,14.0,0.5
3,0.05,5.0,-0.31382369887175543,9.0,0.5
4,0.05,6.0,-0.2761458404274742,6.0,0.5
5,0.05,7.0,-0.31591101713916153,4.0,0.5
6,0.060000000000000005,2.0,0.03368385299894232,55.0,0.5
7,0.060000000000000005,3.0,-0.12851450077053347,25.0,0.5
8,0.060000000000000005,4.0,-0.16243620317831964,13.0,0.5
9,0.060000000000000005,5.0,-0.19132450919887767,12.0,0.5
10,0.060000000000000005,6.0,-0.2861461447527354,7.0,0.5
11,0.060000000000000005,7.0,-0.27896763215831477,4.0,0.5
12,0.060000000000000005,8.0,-0.2864591225181445,4.0,0.5
13,0.07,2.0,-0.02065388501607724,43.0,0.5
14,0.07,3.0,-0.08755190260479218,23.0,0.5
15,0.07,4.0,-0.08547722480143455,14.0,0.5
16,0.07,5.0,-0.13537413974357765,10.0,0.5
17,0.07,6.0,-0.15835230695300792,9.0,0.5
18,0.07,7.0,-0.17651834413506456,9.0,0.5
19,0.07,8.0,-0.22578213981316614,5.0,0.5
20,0.07,9.0,-0.2799528920271145,3.0,0.5
21,0.08000000000000002,2.0,-0.040571216451930306,40.0,0.5
22,0.08000000000000002,3.0,-0.08695654883772448,22.0,0.5
23,0.08000000000000002,4.0,-0.1336345010924008,14.0,0.5
24,0.08000000000000002,5.0,-0.164422294486466,11.0,0.5
25,0.08000000000000002,6.0,-0.18255679306685652,7.0,0.5
26,0.08000000000000002,7.0,-0.13702784465776652,8.0,0.5
27,0.08000000000000002,8.0,-0.17060544757433677,7.0,0.5
28,0.08000000000000002,9.0,-0.17713270578301937,5.0,0.5
29,0.09000000000000001,2.0,-0.07551803408325755,32.0,0.5
30,0.09000000000000001,3.0,-0.08976156166271675,18.0,0.5
31,0.09000000000000001,4.0,-0.1080992716916545,13.0,0.5
32,0.09000000000000001,5.0,-0.17844865963382475,9.0,0.5
33,0.09000000000000001,6.0,-0.1026242725006441,5.0,0.5
34,0.09000000000000001,7.0,-0.09094078172737687,4.0,0.5
35,0.09000000000000001,8.0,-0.10289759578100016,5.0,0.5
36,0.09000000000000001,9.0,-0.1273294433024785,5.0,0.5
37,0.1,2.0,-0.19522944494053182,25.0,0.5
38,0.1,3.0,-0.15492162382679114,16.0,0.5
39,0.1,4.0,-0.052121938895501464,10.0,0.5
40,0.1,5.0,0.01377087696626511,6.0,0.5
41,0.1,6.0,0.010487706151751708,3.0,0.5
42,0.1,7.0,-0.09379023449186351,4.0,0.5
43,0.1,9.0,-0.0738868566676677,4.0,0.5
44,0.11000000000000001,2.0,-0.14752270714181007,23.0,0.5
45,0.11000000000000001,3.0,-0.07304336150933022,11.0,0.5
46,0.11000000000000001,4.0,-0.1188774280614751,8.0,0.5
47,0.11000000000000001,5.0,-0.049119539152278194,8.0,0.5
48,0.11000000000000001,6.0,0.005273929323476836,5.0,0.5
49,0.11000000000000001,8.0,-0.08678305291621236,5.0,0.5
50,0.12000000000000001,2.0,-0.14058627093170747,18.0,0.5
51,0.12000000000000001,3.0,0.03553666130478715,8.0,0.5
52,0.12000000000000001,4.0,-0.04325817379636764,6.0,0.5
53,0.12000000000000001,5.0,0.010490165795742697,8.0,0.5
54,0.12000000000000001,6.0,-0.06152363924436156,6.0,0.5
55,0.12000000000000001,7.0,0.05111241050810474,3.0,0.5
56,0.12000000000000001,8.0,0.02969206983077924,3.0,0.5
57,0.13,2.0,-0.10538135477394074,17.0,0.5
58,0.13,3.0,0.059180289971524885,7.0,0.5
59,0.13,4.0,0.11675142124513435,3.0,0.5
60,0.13,5.0,0.07854864213862306,4.0,0.5
61,0.13,6.0,0.2150457881652646,3.0,0.5
62,0.13,7.0,0.1862930983693304,3.0,0.5
63,0.13,8.0,0.05927100741288348,3.0,0.5
64,0.14,2.0,-0.0926565648925923,16.0,0.5
65,0.14,3.0,0.08632864844353441,8.0,0.5
66,0.14,4.0,0.08190739686837682,6.0,0.5
67,0.14,5.0,0.09066765972404572,3.0,0.5
68,0.14,7.0,0.22297546586220615,3.0,0.5
69,0.14,8.0,0.20339667552892216,3.0,0.5
70,0.15000000000000002,2.0,0.012577697848998183,12.0,0.5
71,0.15000000000000002,3.0,0.35340082237800374,6.0,0.5
72,0.15000000000000002,4.0,0.3260684291293867,5.0,0.5
73,0.15000000000000002,6.0,0.10256652011037437,4.0,0.5
74,0.15000000000000002,8.0,0.2180120682378019,3.0,0.5
75,0.15000000000000002,9.0,0.18819767736420073,3.0,0.5
76,0.16000000000000003,2.0,-0.15349981833797485,10.0,0.5
77,0.16000000000000003,3.0,0.2570428598066006,5.0,0.5
78,0.16000000000000003,4.0,0.2562386667546062,3.0,0.5
79,0.16000000000000003,5.0,0.3076353763488805,4.0,0.5
80,0.17000000000000004,2.0,-0.1466390961499766,10.0,0.5
81,0.17000000000000004,3.0,0.2184991983902192,6.0,0.5
82,0.17000000000000004,4.0,0.25722328469570177,3.0,0.5
83,0.17000000000000004,5.0,0.3622923722934515,3.0,0.5
84,0.17000000000000004,7.0,0.2541840176748679,3.0,0.5
85,0.18000000000000005,2.0,-0.03207982866100517,9.0,0.5
86,0.18000000000000005,3.0,0.23392664607355654,6.0,0.5
87,0.18000000000000005,4.0,0.26641521723950895,3.0,0.5
88,0.19,2.0,-0.042060001969544465,7.0,0.5
89,0.19,3.0,0.2576576852911642,4.0,0.5
90,0.19,4.0,0.28717992129523756,3.0,0.5
91,0.19,8.0,0.2763984131147341,3.0,0.5
92,0.2,2.0,0.18785153173644178,6.0,0.5
93,0.2,3.0,0.2792472413819762,4.0,0.5
94,0.2,4.0,0.291699910774279,3.0,0.5
95,0.21000000000000002,2.0,0.21152660553215225,5.0,0.5
96,0.21000000000000002,3.0,0.325425157646059,3.0,0.5
97,0.21000000000000002,5.0,0.2701842520964152,3.0,0.5
98,0.21000000000000002,6.0,0.2699590748010387,3.0,0.5
99,0.22000000000000003,2.0,0.2166275118117573,5.0,0.5
100,0.22000000000000003,3.0,0.3221094453590499,4.0,0.5
101,0.22000000000000003,4.0,0.25802225357407604,3.0,0.5
102,0.22000000000000003,6.0,0.28208769710595555,3.0,0.5
103,0.23000000000000004,2.0,0.20464677025225825,4.0,0.5
104,0.23000000000000004,3.0,0.3327305083861712,3.0,0.5
105,0.24000000000000005,2.0,0.20464677025225825,4.0,0.5
106,0.24000000000000005,3.0,0.3327305083861712,3.0,0.5
107,0.25000000000000006,2.0,0.31681705658342485,3.0,0.5
108,0.25000000000000006,3.0,0.31681705658342485,3.0,0.5
109,0.26000000000000006,2.0,0.315938823229711,3.0,0.5
110,0.26000000000000006,3.0,0.315938823229711,3.0,0.5
111,0.27,2.0,0.35115727398933866,3.0,0.5
112,0.27,3.0,0.35115727398933866,3.0,0.5
113,0.28,2.0,0.35115727398933866,3.0,0.5
114,0.28,3.0,0.35115727398933866,3.0,0.5
115,0.29000000000000004,2.0,0.35115727398933866,3.0,0.5
116,0.29000000000000004,3.0,0.35115727398933866,3.0,0.5
117,0.30000000000000004,2.0,0.35115727398933866,3.0,0.5
118,0.30000000000000004,3.0,0.35115727398933866,3.0,0.5
119,0.31000000000000005,2.0,0.35115727398933866,3.0,0.5
120,0.31000000000000005,3.0,0.35115727398933866,3.0,0.5
121,0.05,2.0,-0.02526853896162614,56.0,0.55
122,0.05,3.0,-0.2152918901852212,21.0,0.55
123,0.05,4.0,-0.21962230494356333,14.0,0.55
124,0.05,5.0,-0.31382369887175543,9.0,0.55
125,0.05,6.0,-0.2761458404274742,6.0,0.55
126,0.05,7.0,-0.31591101713916153,4.0,0.55
127,0.060000000000000005,2.0,0.03368385299894232,55.0,0.55
128,0.060000000000000005,3.0,-0.12851450077053347,25.0,0.55
129,0.060000000000000005,4.0,-0.16243620317831964,13.0,0.55
130,0.060000000000000005,5.0,-0.19132450919887767,12.0,0.55
131,0.060000000000000005,6.0,-0.2861461447527354,7.0,0.55
132,0.060000000000000005,7.0,-0.27896763215831477,4.0,0.55
133,0.060000000000000005,8.0,-0.2864591225181445,4.0,0.55
134,0.07,2.0,-0.02065388501607724,43.0,0.55
135,0.07,3.0,-0.08755190260479218,23.0,0.55
136,0.07,4.0,-0.08547722480143455,14.0,0.55
137,0.07,5.0,-0.13537413974357765,10.0,0.55
138,0.07,6.0,-0.15835230695300792,9.0,0.55
139,0.07,7.0,-0.17651834413506456,9.0,0.55
140,0.07,8.0,-0.22578213981316614,5.0,0.55
141,0.07,9.0,-0.2799528920271145,3.0,0.55
142,0.08000000000000002,2.0,-0.040571216451930306,40.0,0.55
143,0.08000000000000002,3.0,-0.08695654883772448,22.0,0.55
144,0.08000000000000002,4.0,-0.1336345010924008,14.0,0.55
145,0.08000000000000002,5.0,-0.164422294486466,11.0,0.55
146,0.08000000000000002,6.0,-0.18255679306685652,7.0,0.55
147,0.08000000000000002,7.0,-0.13702784465776652,8.0,0.55
148,0.08000000000000002,8.0,-0.17060544757433677,7.0,0.55
149,0.08000000000000002,9.0,-0.17713270578301937,5.0,0.55
150,0.09000000000000001,2.0,-0.07551803408325755,32.0,0.55
151,0.09000000000000001,3.0,-0.08976156166271675,18.0,0.55
152,0.09000000000000001,4.0,-0.1080992716916545,13.0,0.55
153,0.09000000000000001,5.0,-0.17844865963382475,9.0,0.55
154,0.09000000000000001,6.0,-0.1026242725006441,5.0,0.55
155,0.09000000000000001,7.0,-0.09094078172737687,4.0,0.55
156,0.09000000000000001,8.0,-0.10289759578100016,5.0,0.55
157,0.09000000000000001,9.0,-0.1273294433024785,5.0,0.55
158,0.1,2.0,-0.19522944494053182,25.0,0.55
159,0.1,3.0,-0.15492162382679114,16.0,0.55
160,0.1,4.0,-0.052121938895501464,10.0,0.55
161,0.1,5.0,0.01377087696626511,6.0,0.55
162,0.1,6.0,0.010487706151751708,3.0,0.55
163,0.1,7.0,-0.09379023449186351,4.0,0.55
164,0.1,9.0,-0.0738868566676677,4.0,0.55
165,0.11000000000000001,2.0,-0.14752270714181007,23.0,0.55
166,0.11000000000000001,3.0,-0.07304336150933022,11.0,0.55
167,0.11000000000000001,4.0,-0.1188774280614751,8.0,0.55
168,0.11000000000000001,5.0,-0.049119539152278194,8.0,0.55
169,0.11000000000000001,6.0,0.005273929323476836,5.0,0.55
170,0.11000000000000001,8.0,-0.08678305291621236,5.0,0.55
171,0.12000000000000001,2.0,-0.14058627093170747,18.0,0.55
172,0.12000000000000001,3.0,0.03553666130478715,8.0,0.55
173,0.12000000000000001,4.0,-0.04325817379636764,6.0,0.55
174,0.12000000000000001,5.0,0.010490165795742697,8.0,0.55
175,0.12000000000000001,6.0,-0.06152363924436156,6.0,0.55
176,0.12000000000000001,7.0,0.05111241050810474,3.0,0.55
177,0.12000000000000001,8.0,0.02969206983077924,3.0,0.55
178,0.13,2.0,-0.10538135477394074,17.0,0.55
179,0.13,3.0,0.059180289971524885,7.0,0.55
180,0.13,4.0,0.11675142124513435,3.0,0.55
181,0.13,5.0,0.07854864213862306,4.0,0.55
182,0.13,6.0,0.2150457881652646,3.0,0.55
183,0.13,7.0,0.1862930983693304,3.0,0.55
184,0.13,8.0,0.05927100741288348,3.0,0.55
185,0.14,2.0,-0.0926565648925923,16.0,0.55
186,0.14,3.0,0.08632864844353441,8.0,0.55
187,0.14,4.0,0.08190739686837682,6.0,0.55
188,0.14,5.0,0.09066765972404572,3.0,0.55
189,0.14,7.0,0.22297546586220615,3.0,0.55
190,0.14,8.0,0.20339667552892216,3.0,0.55
191,0.15000000000000002,2.0,0.012577697848998183,12.0,0.55
192,0.15000000000000002,3.0,0.35340082237800374,6.0,0.55
193,0.15000000000000002,4.0,0.3260684291293867,5.0,0.55
194,0.15000000000000002,6.0,0.10256652011037437,4.0,0.55
195,0.15000000000000002,8.0,0.2180120682378019,3.0,0.55
196,0.15000000000000002,9.0,0.18819767736420073,3.0,0.55
197,0.16000000000000003,2.0,-0.15349981833797485,10.0,0.55
198,0.16000000000000003,3.0,0.2570428598066006,5.0,0.55
199,0.16000000000000003,4.0,0.2562386667546062,3.0,0.55
200,0.16000000000000003,5.0,0.3076353763488805,4.0,0.55
201,0.17000000000000004,2.0,-0.1466390961499766,10.0,0.55
202,0.17000000000000004,3.0,0.2184991983902192,6.0,0.55
203,0.17000000000000004,4.0,0.25722328469570177,3.0,0.55
204,0.17000000000000004,5.0,0.3622923722934515,3.0,0.55
205,0.17000000000000004,7.0,0.2541840176748679,3.0,0.55
206,0.18000000000000005,2.0,-0.03207982866100517,9.0,0.55
207,0.18000000000000005,3.0,0.23392664607355654,6.0,0.55
208,0.18000000000000005,4.0,0.26641521723950895,3.0,0.55
209,0.19,2.0,-0.042060001969544465,7.0,0.55
210,0.19,3.0,0.2576576852911642,4.0,0.55
211,0.19,4.0,0.28717992129523756,3.0,0.55
212,0.19,8.0,0.2763984131147341,3.0,0.55
213,0.2,2.0,0.18785153173644178,6.0,0.55
214,0.2,3.0,0.2792472413819762,4.0,0.55
215,0.2,4.0,0.291699910774279,3.0,0.55
216,0.21000000000000002,2.0,0.21152660553215225,5.0,0.55
217,0.21000000000000002,3.0,0.325425157646059,3.0,0.55
218,0.21000000000000002,5.0,0.2701842520964152,3.0,0.55
219,0.21000000000000002,6.0,0.2699590748010387,3.0,0.55
220,0.22000000000000003,2.0,0.2166275118117573,5.0,0.55
221,0.22000000000000003,3.0,0.3221094453590499,4.0,0.55
222,0.22000000000000003,4.0,0.25802225357407604,3.0,0.55
223,0.22000000000000003,6.0,0.28208769710595555,3.0,0.55
224,0.23000000000000004,2.0,0.20464677025225825,4.0,0.55
225,0.23000000000000004,3.0,0.3327305083861712,3.0,0.55
226,0.24000000000000005,2.0,0.20464677025225825,4.0,0.55
227,0.24000000000000005,3.0,0.3327305083861712,3.0,0.55
228,0.25000000000000006,2.0,0.31681705658342485,3.0,0.55
229,0.25000000000000006,3.0,0.31681705658342485,3.0,0.55
230,0.26000000000000006,2.0,0.315938823229711,3.0,0.55
231,0.26000000000000006,3.0,0.315938823229711,3.0,0.55
232,0.27,2.0,0.35115727398933866,3.0,0.55
233,0.27,3.0,0.35115727398933866,3.0,0.55
234,0.28,2.0,0.35115727398933866,3.0,0.55
235,0.28,3.0,0.35115727398933866,3.0,0.55
236,0.29000000000000004,2.0,0.35115727398933866,3.0,0.55
237,0.29000000000000004,3.0,0.35115727398933866,3.0,0.55
238,0.30000000000000004,2.0,0.35115727398933866,3.0,0.55
239,0.30000000000000004,3.0,0.35115727398933866,3.0,0.55
240,0.31000000000000005,2.0,0.35115727398933866,3.0,0.55
241,0.31000000000000005,3.0,0.35115727398933866,3.0,0.55
242,0.05,2.0,-0.02526853896162614,56.0,0.6000000000000001
243,0.05,3.0,-0.2152918901852212,21.0,0.6000000000000001
244,0.05,4.0,-0.21962230494356333,14.0,0.6000000000000001
245,0.05,5.0,-0.31382369887175543,9.0,0.6000000000000001
246,0.05,6.0,-0.2761458404274742,6.0,0.6000000000000001
247,0.05,7.0,-0.31591101713916153,4.0,0.6000000000000001
248,0.060000000000000005,2.0,0.03368385299894232,55.0,0.6000000000000001
249,0.060000000000000005,3.0,-0.12851450077053347,25.0,0.6000000000000001
250,0.060000000000000005,4.0,-0.16243620317831964,13.0,0.6000000000000001
251,0.060000000000000005,5.0,-0.19132450919887767,12.0,0.6000000000000001
252,0.060000000000000005,6.0,-0.2861461447527354,7.0,0.6000000000000001
253,0.060000000000000005,7.0,-0.27896763215831477,4.0,0.6000000000000001
254,0.060000000000000005,8.0,-0.2864591225181445,4.0,0.6000000000000001
255,0.07,2.0,-0.02065388501607724,43.0,0.6000000000000001
256,0.07,3.0,-0.08755190260479218,23.0,0.6000000000000001
257,0.07,4.0,-0.08547722480143455,14.0,0.6000000000000001
258,0.07,5.0,-0.13537413974357765,10.0,0.6000000000000001
259,0.07,6.0,-0.15835230695300792,9.0,0.6000000000000001
260,0.07,7.0,-0.17651834413506456,9.0,0.6000000000000001
261,0.07,8.0,-0.22578213981316614,5.0,0.6000000000000001
262,0.07,9.0,-0.2799528920271145,3.0,0.6000000000000001
263,0.08000000000000002,2.0,-0.040571216451930306,40.0,0.6000000000000001
264,0.08000000000000002,3.0,-0.08695654883772448,22.0,0.6000000000000001
265,0.08000000000000002,4.0,-0.1336345010924008,14.0,0.6000000000000001
266,0.08000000000000002,5.0,-0.164422294486466,11.0,0.6000000000000001
267,0.08000000000000002,6.0,-0.18255679306685652,7.0,0.6000000000000001
268,0.08000000000000002,7.0,-0.13702784465776652,8.0,0.6000000000000001
269,0.08000000000000002,8.0,-0.17060544757433677,7.0,0.6000000000000001
270,0.08000000000000002,9.0,-0.17713270578301937,5.0,0.6000000000000001
271,0.09000000000000001,2.0,-0.07551803408325755,32.0,0.6000000000000001
272,0.09000000000000001,3.0,-0.08976156166271675,18.0,0.6000000000000001
273,0.09000000000000001,4.0,-0.1080992716916545,13.0,0.6000000000000001
274,0.09000000000000001,5.0,-0.17844865963382475,9.0,0.6000000000000001
275,0.09000000000000001,6.0,-0.1026242725006441,5.0,0.6000000000000001
276,0.09000000000000001,7.0,-0.09094078172737687,4.0,0.6000000000000001
277,0.09000000000000001,8.0,-0.10289759578100016,5.0,0.6000000000000001
278,0.09000000000000001,9.0,-0.1273294433024785,5.0,0.6000000000000001
279,0.1,2.0,-0.19522944494053182,25.0,0.6000000000000001
280,0.1,3.0,-0.15492162382679114,16.0,0.6000000000000001
281,0.1,4.0,-0.052121938895501464,10.0,0.6000000000000001
282,0.1,5.0,0.01377087696626511,6.0,0.6000000000000001
283,0.1,6.0,0.010487706151751708,3.0,0.6000000000000001
284,0.1,7.0,-0.09379023449186351,4.0,0.6000000000000001
285,0.1,9.0,-0.0738868566676677,4.0,0.6000000000000001
286,0.11000000000000001,2.0,-0.14752270714181007,23.0,0.6000000000000001
287,0.11000000000000001,3.0,-0.07304336150933022,11.0,0.6000000000000001
288,0.11000000000000001,4.0,-0.1188774280614751,8.0,0.6000000000000001
289,0.11000000000000001,5.0,-0.049119539152278194,8.0,0.6000000000000001
290,0.11000000000000001,6.0,0.005273929323476836,5.0,0.6000000000000001
291,0.11000000000000001,8.0,-0.08678305291621236,5.0,0.6000000000000001
292,0.12000000000000001,2.0,-0.14058627093170747,18.0,0.6000000000000001
293,0.12000000000000001,3.0,0.03553666130478715,8.0,0.6000000000000001
294,0.12000000000000001,4.0,-0.04325817379636764,6.0,0.6000000000000001
295,0.12000000000000001,5.0,0.010490165795742697,8.0,0.6000000000000001
296,0.12000000000000001,6.0,-0.06152363924436156,6.0,0.6000000000000001
297,0.12000000000000001,7.0,0.05111241050810474,3.0,0.6000000000000001
298,0.12000000000000001,8.0,0.02969206983077924,3.0,0.6000000000000001
299,0.13,2.0,-0.10538135477394074,17.0,0.6000000000000001
300,0.13,3.0,0.059180289971524885,7.0,0.6000000000000001
301,0.13,4.0,0.11675142124513435,3.0,0.6000000000000001
302,0.13,5.0,0.07854864213862306,4.0,0.6000000000000001
303,0.13,6.0,0.2150457881652646,3.0,0.6000000000000001
304,0.13,7.0,0.1862930983693304,3.0,0.6000000000000001
305,0.13,8.0,0.05927100741288348,3.0,0.6000000000000001
306,0.14,2.0,-0.0926565648925923,16.0,0.6000000000000001
307,0.14,3.0,0.08632864844353441,8.0,0.6000000000000001
308,0.14,4.0,0.08190739686837682,6.0,0.6000000000000001
309,0.14,5.0,0.09066765972404572,3.0,0.6000000000000001
310,0.14,7.0,0.22297546586220615,3.0,0.6000000000000001
311,0.14,8.0,0.20339667552892216,3.0,0.6000000000000001
312,0.15000000000000002,2.0,0.012577697848998183,12.0,0.6000000000000001
313,0.15000000000000002,3.0,0.35340082237800374,6.0,0.6000000000000001
314,0.15000000000000002,4.0,0.3260684291293867,5.0,0.6000000000000001
315,0.15000000000000002,6.0,0.10256652011037437,4.0,0.6000000000000001
316,0.15000000000000002,8.0,0.2180120682378019,3.0,0.6000000000000001
317,0.15000000000000002,9.0,0.18819767736420073,3.0,0.6000000000000001
318,0.16000000000000003,2.0,-0.15349981833797485,10.0,0.6000000000000001
319,0.16000000000000003,3.0,0.2570428598066006,5.0,0.6000000000000001
320,0.16000000000000003,4.0,0.2562386667546062,3.0,0.6000000000000001
321,0.16000000000000003,5.0,0.3076353763488805,4.0,0.6000000000000001
322,0.17000000000000004,2.0,-0.1466390961499766,10.0,0.6000000000000001
323,0.17000000000000004,3.0,0.2184991983902192,6.0,0.6000000000000001
324,0.17000000000000004,4.0,0.25722328469570177,3.0,0.6000000000000001
325,0.17000000000000004,5.0,0.3622923722934515,3.0,0.6000000000000001
326,0.17000000000000004,7.0,0.2541840176748679,3.0,0.6000000000000001
327,0.18000000000000005,2.0,-0.03207982866100517,9.0,0.6000000000000001
328,0.18000000000000005,3.0,0.23392664607355654,6.0,0.6000000000000001
329,0.18000000000000005,4.0,0.26641521723950895,3.0,0.6000000000000001
330,0.19,2.0,-0.042060001969544465,7.0,0.6000000000000001
331,0.19,3.0,0.2576576852911642,4.0,0.6000000000000001
332,0.19,4.0,0.28717992129523756,3.0,0.6000000000000001
333,0.19,8.0,0.2763984131147341,3.0,0.6000000000000001
334,0.2,2.0,0.18785153173644178,6.0,0.6000000000000001
335,0.2,3.0,0.2792472413819762,4.0,0.6000000000000001
336,0.2,4.0,0.291699910774279,3.0,0.6000000000000001
337,0.21000000000000002,2.0,0.21152660553215225,5.0,0.6000000000000001
338,0.21000000000000002,3.0,0.325425157646059,3.0,0.6000000000000001
339,0.21000000000000002,5.0,0.2701842520964152,3.0,0.6000000000000001
340,0.21000000000000002,6.0,0.2699590748010387,3.0,0.6000000000000001
341,0.22000000000000003,2.0,0.2166275118117573,5.0,0.6000000000000001
342,0.22000000000000003,3.0,0.3221094453590499,4.0,0.6000000000000001
343,0.22000000000000003,4.0,0.25802225357407604,3.0,0.6000000000000001
344,0.22000000000000003,6.0,0.28208769710595555,3.0,0.6000000000000001
345,0.23000000000000004,2.0,0.20464677025225825,4.0,0.6000000000000001
346,0.23000000000000004,3.0,0.3327305083861712,3.0,0.6000000000000001
347,0.24000000000000005,2.0,0.20464677025225825,4.0,0.6000000000000001
348,0.24000000000000005,3.0,0.3327305083861712,3.0,0.6000000000000001
349,0.25000000000000006,2.0,0.31681705658342485,3.0,0.6000000000000001
350,0.25000000000000006,3.0,0.31681705658342485,3.0,0.6000000000000001
351,0.26000000000000006,2.0,0.315938823229711,3.0,0.6000000000000001
352,0.26000000000000006,3.0,0.315938823229711,3.0,0.6000000000000001
353,0.27,2.0,0.35115727398933866,3.0,0.6000000000000001
354,0.27,3.0,0.35115727398933866,3.0,0.6000000000000001
355,0.28,2.0,0.35115727398933866,3.0,0.6000000000000001
356,0.28,3.0,0.35115727398933866,3.0,0.6000000000000001
357,0.29000000000000004,2.0,0.35115727398933866,3.0,0.6000000000000001
358,0.29000000000000004,3.0,0.35115727398933866,3.0,0.6000000000000001
359,0.30000000000000004,2.0,0.35115727398933866,3.0,0.6000000000000001
360,0.30000000000000004,3.0,0.35115727398933866,3.0,0.6000000000000001
361,0.31000000000000005,2.0,0.35115727398933866,3.0,0.6000000000000001
362,0.31000000000000005,3.0,0.35115727398933866,3.0,0.6000000000000001
363,0.05,2.0,-0.02526853896162614,56.0,0.6500000000000001
364,0.05,3.0,-0.2152918901852212,21.0,0.6500000000000001
365,0.05,4.0,-0.21962230494356333,14.0,0.6500000000000001
366,0.05,5.0,-0.31382369887175543,9.0,0.6500000000000001
367,0.05,6.0,-0.2761458404274742,6.0,0.6500000000000001
368,0.05,7.0,-0.31591101713916153,4.0,0.6500000000000001
369,0.060000000000000005,2.0,0.03368385299894232,55.0,0.6500000000000001
370,0.060000000000000005,3.0,-0.12851450077053347,25.0,0.6500000000000001
371,0.060000000000000005,4.0,-0.16243620317831964,13.0,0.6500000000000001
372,0.060000000000000005,5.0,-0.19132450919887767,12.0,0.6500000000000001
373,0.060000000000000005,6.0,-0.2861461447527354,7.0,0.6500000000000001
374,0.060000000000000005,7.0,-0.27896763215831477,4.0,0.6500000000000001
375,0.060000000000000005,8.0,-0.2864591225181445,4.0,0.6500000000000001
376,0.07,2.0,-0.02065388501607724,43.0,0.6500000000000001
377,0.07,3.0,-0.08755190260479218,23.0,0.6500000000000001
378,0.07,4.0,-0.08547722480143455,14.0,0.6500000000000001
379,0.07,5.0,-0.13537413974357765,10.0,0.6500000000000001
380,0.07,6.0,-0.15835230695300792,9.0,0.6500000000000001
381,0.07,7.0,-0.17651834413506456,9.0,0.6500000000000001
382,0.07,8.0,-0.22578213981316614,5.0,0.6500000000000001
383,0.07,9.0,-0.2799528920271145,3.0,0.6500000000000001
384,0.08000000000000002,2.0,-0.040571216451930306,40.0,0.6500000000000001
385,0.08000000000000002,3.0,-0.08695654883772448,22.0,0.6500000000000001
386,0.08000000000000002,4.0,-0.1336345010924008,14.0,0.6500000000000001
387,0.08000000000000002,5.0,-0.164422294486466,11.0,0.6500000000000001
388,0.08000000000000002,6.0,-0.18255679306685652,7.0,0.6500000000000001
389,0.08000000000000002,7.0,-0.13702784465776652,8.0,0.6500000000000001
390,0.08000000000000002,8.0,-0.17060544757433677,7.0,0.6500000000000001
391,0.08000000000000002,9.0,-0.17713270578301937,5.0,0.6500000000000001
392,0.09000000000000001,2.0,-0.07551803408325755,32.0,0.6500000000000001
393,0.09000000000000001,3.0,-0.08976156166271675,18.0,0.6500000000000001
394,0.09000000000000001,4.0,-0.1080992716916545,13.0,0.6500000000000001
395,0.09000000000000001,5.0,-0.17844865963382475,9.0,0.6500000000000001
396,0.09000000000000001,6.0,-0.1026242725006441,5.0,0.6500000000000001
397,0.09000000000000001,7.0,-0.09094078172737687,4.0,0.6500000000000001
398,0.09000000000000001,8.0,-0.10289759578100016,5.0,0.6500000000000001
399,0.09000000000000001,9.0,-0.1273294433024785,5.0,0.6500000000000001
400,0.1,2.0,-0.19522944494053182,25.0,0.6500000000000001
401,0.1,3.0,-0.15492162382679114,16.0,0.6500000000000001
402,0.1,4.0,-0.052121938895501464,10.0,0.6500000000000001
403,0.1,5.0,0.01377087696626511,6.0,0.6500000000000001
404,0.1,6.0,0.010487706151751708,3.0,0.6500000000000001
405,0.1,7.0,-0.09379023449186351,4.0,0.6500000000000001
406,0.1,9.0,-0.0738868566676677,4.0,0.6500000000000001
407,0.11000000000000001,2.0,-0.14752270714181007,23.0,0.6500000000000001
408,0.11000000000000001,3.0,-0.07304336150933022,11.0,0.6500000000000001
409,0.11000000000000001,4.0,-0.1188774280614751,8.0,0.6500000000000001
410,0.11000000000000001,5.0,-0.049119539152278194,8.0,0.6500000000000001
411,0.11000000000000001,6.0,0.005273929323476836,5.0,0.6500000000000001
412,0.11000000000000001,8.0,-0.08678305291621236,5.0,0.6500000000000001
413,0.12000000000000001,2.0,-0.14058627093170747,18.0,0.6500000000000001
414,0.12000000000000001,3.0,0.03553666130478715,8.0,0.6500000000000001
415,0.12000000000000001,4.0,-0.04325817379636764,6.0,0.6500000000000001
416,0.12000000000000001,5.0,0.010490165795742697,8.0,0.6500000000000001
417,0.12000000000000001,6.0,-0.06152363924436156,6.0,0.6500000000000001
418,0.12000000000000001,7.0,0.05111241050810474,3.0,0.6500000000000001
419,0.12000000000000001,8.0,0.02969206983077924,3.0,0.6500000000000001
420,0.13,2.0,-0.10538135477394074,17.0,0.6500000000000001
421,0.13,3.0,0.059180289971524885,7.0,0.6500000000000001
422,0.13,4.0,0.11675142124513435,3.0,0.6500000000000001
423,0.13,5.0,0.07854864213862306,4.0,0.6500000000000001
424,0.13,6.0,0.2150457881652646,3.0,0.6500000000000001
425,0.13,7.0,0.1862930983693304,3.0,0.6500000000000001
426,0.13,8.0,0.05927100741288348,3.0,0.6500000000000001
427,0.14,2.0,-0.0926565648925923,16.0,0.6500000000000001
428,0.14,3.0,0.08632864844353441,8.0,0.6500000000000001
429,0.14,4.0,0.08190739686837682,6.0,0.6500000000000001
430,0.14,5.0,0.09066765972404572,3.0,0.6500000000000001
431,0.14,7.0,0.22297546586220615,3.0,0.6500000000000001
432,0.14,8.0,0.20339667552892216,3.0,0.6500000000000001
433,0.15000000000000002,2.0,0.012577697848998183,12.0,0.6500000000000001
434,0.15000000000000002,3.0,0.35340082237800374,6.0,0.6500000000000001
435,0.15000000000000002,4.0,0.3260684291293867,5.0,0.6500000000000001
436,0.15000000000000002,6.0,0.10256652011037437,4.0,0.6500000000000001
437,0.15000000000000002,8.0,0.2180120682378019,3.0,0.6500000000000001
438,0.15000000000000002,9.0,0.18819767736420073,3.0,0.6500000000000001
439,0.16000000000000003,2.0,-0.15349981833797485,10.0,0.6500000000000001
440,0.16000000000000003,3.0,0.2570428598066006,5.0,0.6500000000000001
441,0.16000000000000003,4.0,0.2562386667546062,3.0,0.6500000000000001
442,0.16000000000000003,5.0,0.3076353763488805,4.0,0.6500000000000001
443,0.17000000000000004,2.0,-0.1466390961499766,10.0,0.6500000000000001
444,0.17000000000000004,3.0,0.2184991983902192,6.0,0.6500000000000001
445,0.17000000000000004,4.0,0.25722328469570177,3.0,0.6500000000000001
446,0.17000000000000004,5.0,0.3622923722934515,3.0,0.6500000000000001
447,0.17000000000000004,7.0,0.2541840176748679,3.0,0.6500000000000001
448,0.18000000000000005,2.0,-0.03207982866100517,9.0,0.6500000000000001
449,0.18000000000000005,3.0,0.23392664607355654,6.0,0.6500000000000001
450,0.18000000000000005,4.0,0.26641521723950895,3.0,0.6500000000000001
451,0.19,2.0,-0.042060001969544465,7.0,0.6500000000000001
452,0.19,3.0,0.2576576852911642,4.0,0.6500000000000001
453,0.19,4.0,0.28717992129523756,3.0,0.6500000000000001
454,0.19,8.0,0.2763984131147341,3.0,0.6500000000000001
455,0.2,2.0,0.18785153173644178,6.0,0.6500000000000001
456,0.2,3.0,0.2792472413819762,4.0,0.6500000000000001
457,0.2,4.0,0.291699910774279,3.0,0.6500000000000001
458,0.21000000000000002,2.0,0.21152660553215225,5.0,0.6500000000000001
459,0.21000000000000002,3.0,0.325425157646059,3.0,0.6500000000000001
460,0.21000000000000002,5.0,0.2701842520964152,3.0,0.6500000000000001
461,0.21000000000000002,6.0,0.2699590748010387,3.0,0.6500000000000001
462,0.22000000000000003,2.0,0.2166275118117573,5.0,0.6500000000000001
463,0.22000000000000003,3.0,0.3221094453590499,4.0,0.6500000000000001
464,0.22000000000000003,4.0,0.25802225357407604,3.0,0.6500000000000001
465,0.22000000000000003,6.0,0.28208769710595555,3.0,0.6500000000000001
466,0.23000000000000004,2.0,0.20464677025225825,4.0,0.6500000000000001
467,0.23000000000000004,3.0,0.3327305083861712,3.0,0.6500000000000001
468,0.24000000000000005,2.0,0.20464677025225825,4.0,0.6500000000000001
469,0.24000000000000005,3.0,0.3327305083861712,3.0,0.6500000000000001
470,0.25000000000000006,2.0,0.31681705658342485,3.0,0.6500000000000001
471,0.25000000000000006,3.0,0.31681705658342485,3.0,0.6500000000000001
472,0.26000000000000006,2.0,0.315938823229711,3.0,0.6500000000000001
473,0.26000000000000006,3.0,0.315938823229711,3.0,0.6500000000000001
474,0.27,2.0,0.35115727398933866,3.0,0.6500000000000001
475,0.27,3.0,0.35115727398933866,3.0,0.6500000000000001
476,0.28,2.0,0.35115727398933866,3.0,0.6500000000000001
477,0.28,3.0,0.35115727398933866,3.0,0.6500000000000001
478,0.29000000000000004,2.0,0.35115727398933866,3.0,0.6500000000000001
479,0.29000000000000004,3.0,0.35115727398933866,3.0,0.6500000000000001
480,0.30000000000000004,2.0,0.35115727398933866,3.0,0.6500000000000001
481,0.30000000000000004,3.0,0.35115727398933866,3.0,0.6500000000000001
482,0.31000000000000005,2.0,0.35115727398933866,3.0,0.6500000000000001
483,0.31000000000000005,3.0,0.35115727398933866,3.0,0.6500000000000001
484,0.05,2.0,-0.5005652009066961,13.0,0.7000000000000002
485,0.060000000000000005,2.0,-0.47366931643712534,21.0,0.7000000000000002
486,0.060000000000000005,3.0,-0.34127727662525814,4.0,0.7000000000000002
487,0.07,2.0,-0.42566512899924,29.0,0.7000000000000002
488,0.07,3.0,-0.33417790115143114,5.0,0.7000000000000002
489,0.08000000000000002,2.0,-0.3718264341980583,35.0,0.7000000000000002
490,0.08000000000000002,3.0,-0.37055992937463456,8.0,0.7000000000000002
491,0.09000000000000001,2.0,-0.30346023689349394,41.0,0.7000000000000002
492,0.09000000000000001,3.0,-0.39843653959698094,14.0,0.7000000000000002
493,0.1,2.0,-0.2043606107896639,52.0,0.7000000000000002
494,0.1,3.0,-0.38547916929548187,21.0,0.7000000000000002
495,0.1,4.0,-0.3034696667463434,6.0,0.7000000000000002
496,0.11000000000000001,2.0,-0.15843000831164047,55.0,0.7000000000000002
497,0.11000000000000001,3.0,-0.3364301973910487,21.0,0.7000000000000002
498,0.11000000000000001,4.0,-0.3818807496017709,11.0,0.7000000000000002
499,0.11000000000000001,5.0,-0.30706885974365,5.0,0.7000000000000002
500,0.12000000000000001,2.0,-0.12282538133364679,56.0,0.7000000000000002
501,0.12000000000000001,3.0,-0.2988891599684925,20.0,0.7000000000000002
502,0.12000000000000001,4.0,-0.32124266848409105,13.0,0.7000000000000002
503,0.12000000000000001,5.0,-0.3409033398048597,8.0,0.7000000000000002
504,0.13,2.0,-0.14273478638474937,45.0,0.7000000000000002
505,0.13,3.0,-0.2462955280978286,23.0,0.7000000000000002
506,0.13,4.0,-0.32411142753365735,14.0,0.7000000000000002
507,0.13,5.0,-0.27983370598834445,9.0,0.7000000000000002
508,0.13,6.0,-0.24925818787507123,3.0,0.7000000000000002
509,0.14,2.0,-0.16175617798744218,38.0,0.7000000000000002
510,0.14,3.0,-0.21162303148695177,18.0,0.7000000000000002
511,0.14,4.0,-0.2454710691584648,14.0,0.7000000000000002
512,0.14,5.0,-0.3209258651267801,10.0,0.7000000000000002
513,0.14,6.0,-0.33930446875913434,7.0,0.7000000000000002
514,0.14,7.0,-0.21965585163113693,3.0,0.7000000000000002
515,0.15000000000000002,2.0,-0.13095548112194152,36.0,0.7000000000000002
516,0.15000000000000002,3.0,-0.18051644407771256,19.0,0.7000000000000002
517,0.15000000000000002,4.0,-0.20745121006246914,11.0,0.7000000000000002
518,0.15000000000000002,5.0,-0.23830101069581822,5.0,0.7000000000000002
519,0.15000000000000002,6.0,-0.20425392888832145,4.0,0.7000000000000002
520,0.15000000000000002,7.0,-0.18691433638417118,4.0,0.7000000000000002
521,0.15000000000000002,8.0,-0.22567521917200206,3.0,0.7000000000000002
522,0.16000000000000003,2.0,-0.1346691972906119,33.0,0.7000000000000002
523,0.16000000000000003,3.0,-0.15029576511904805,15.0,0.7000000000000002
524,0.16000000000000003,4.0,-0.13847853471219235,13.0,0.7000000000000002
525,0.16000000000000003,5.0,-0.18254026198674103,5.0,0.7000000000000002
526,0.16000000000000003,6.0,-0.23747003707667794,4.0,0.7000000000000002
527,0.16000000000000003,7.0,-0.14398910091049605,7.0,0.7000000000000002
528,0.16000000000000003,8.0,-0.19457585683576042,4.0,0.7000000000000002
529,0.17000000000000004,2.0,-0.10092712958233417,28.0,0.7000000000000002
530,0.17000000000000004,3.0,-0.11675270929033782,14.0,0.7000000000000002
531,0.17000000000000004,4.0,-0.1084469451182989,11.0,0.7000000000000002
532,0.17000000000000004,5.0,-0.12175900241816903,8.0,0.7000000000000002
533,0.17000000000000004,6.0,-0.19508774704679566,6.0,0.7000000000000002
534,0.17000000000000004,7.0,-0.1794627047302107,7.0,0.7000000000000002
535,0.17000000000000004,8.0,-0.10685487011773992,5.0,0.7000000000000002
536,0.17000000000000004,9.0,-0.13185884372036177,3.0,0.7000000000000002
537,0.18000000000000005,2.0,-0.07981536280638629,20.0,0.7000000000000002
538,0.18000000000000005,3.0,-0.03907997047243364,10.0,0.7000000000000002
539,0.18000000000000005,4.0,-0.09756492796733748,10.0,0.7000000000000002
540,0.18000000000000005,5.0,-0.0982530569287898,9.0,0.7000000000000002
541,0.18000000000000005,6.0,-0.12877933599334873,5.0,0.7000000000000002
542,0.18000000000000005,7.0,-0.06197598947728137,3.0,0.7000000000000002
543,0.18000000000000005,9.0,-0.11624331458725817,4.0,0.7000000000000002
544,0.19,2.0,-0.14558507045073996,16.0,0.7000000000000002
545,0.19,3.0,-0.08321287672781692,8.0,0.7000000000000002
546,0.19,4.0,-0.03882818767947641,7.0,0.7000000000000002
547,0.19,5.0,-0.07679440894470044,8.0,0.7000000000000002
548,0.19,6.0,-0.09654941086512478,6.0,0.7000000000000002
549,0.19,7.0,-0.12247869386939825,5.0,0.7000000000000002
550,0.2,2.0,-0.2301907120655156,15.0,0.7000000000000002
551,0.2,3.0,0.044570228738394044,5.0,0.7000000000000002
552,0.2,4.0,-0.03167639183843814,4.0,0.7000000000000002
553,0.2,5.0,-0.04066875965873457,6.0,0.7000000000000002
554,0.2,6.0,-0.11426806888012704,8.0,0.7000000000000002
555,0.2,7.0,-0.11292412499807689,5.0,0.7000000000000002
556,0.2,8.0,-0.03431449853817075,3.0,0.7000000000000002
557,0.21000000000000002,2.0,-0.15406992357000804,13.0,0.7000000000000002
558,0.21000000000000002,3.0,0.06455278862981052,6.0,0.7000000000000002
559,0.21000000000000002,4.0,0.16032257180276738,4.0,0.7000000000000002
560,0.21000000000000002,5.0,-0.06222492915070352,7.0,0.7000000000000002
561,0.21000000000000002,6.0,-0.028200221083234653,6.0,0.7000000000000002
562,0.21000000000000002,7.0,0.011627723286659132,5.0,0.7000000000000002
563,0.21000000000000002,8.0,0.016199647189525754,3.0,0.7000000000000002
564,0.21000000000000002,9.0,-0.03409800153819905,3.0,0.7000000000000002
565,0.22000000000000003,2.0,-0.22222019647351868,12.0,0.7000000000000002
566,0.22000000000000003,3.0,0.13468097910432955,5.0,0.7000000000000002
567,0.22000000000000003,4.0,0.22766910505944923,3.0,0.7000000000000002
568,0.22000000000000003,5.0,0.20905191975101411,3.0,0.7000000000000002
569,0.22000000000000003,6.0,0.16676203129831985,3.0,0.7000000000000002
570,0.22000000000000003,7.0,0.0147558231020974,4.0,0.7000000000000002
571,0.22000000000000003,8.0,-0.026067429693371984,4.0,0.7000000000000002
572,0.22000000000000003,9.0,-0.0027620133669945977,3.0,0.7000000000000002
573,0.23000000000000004,2.0,-0.10644306939540867,11.0,0.7000000000000002
574,0.23000000000000004,3.0,0.14961784645024628,5.0,0.7000000000000002
575,0.23000000000000004,4.0,0.16354598572363996,3.0,0.7000000000000002
576,0.23000000000000004,8.0,0.04785623645071753,4.0,0.7000000000000002
577,0.23000000000000004,9.0,0.03437795280302893,3.0,0.7000000000000002
578,0.24000000000000005,2.0,0.06132334437297208,7.0,0.7000000000000002
579,0.24000000000000005,3.0,0.20821127093541858,4.0,0.7000000000000002
580,0.24000000000000005,4.0,-0.13093447709757683,5.0,0.7000000000000002
581,0.24000000000000005,9.0,0.07472296036912836,3.0,0.7000000000000002
582,0.25000000000000006,2.0,0.06356099075062331,7.0,0.7000000000000002
583,0.25000000000000006,3.0,0.21729141260767293,4.0,0.7000000000000002
584,0.25000000000000006,4.0,0.19910701373269793,3.0,0.7000000000000002
585,0.25000000000000006,8.0,0.05450183770139563,3.0,0.7000000000000002
586,0.26000000000000006,2.0,0.06982521911083628,8.0,0.7000000000000002
587,0.26000000000000006,3.0,0.22677929221226908,4.0,0.7000000000000002
588,0.26000000000000006,4.0,0.20675557526916488,3.0,0.7000000000000002
589,0.27,2.0,0.07620620835841484,7.0,0.7000000000000002
590,0.27,3.0,0.24008867664512504,4.0,0.7000000000000002
591,0.27,4.0,0.22180339669583723,3.0,0.7000000000000002
592,0.28,2.0,0.08546899291598016,9.0,0.7000000000000002
593,0.28,3.0,0.21680071692615555,5.0,0.7000000000000002
594,0.28,4.0,0.21419850034875867,4.0,0.7000000000000002
595,0.29000000000000004,2.0,0.058490479934790916,8.0,0.7000000000000002
596,0.29000000000000004,3.0,0.19281933687686956,4.0,0.7000000000000002
597,0.29000000000000004,4.0,0.1927868969320343,3.0,0.7000000000000002
598,0.30000000000000004,2.0,0.057950724895544946,7.0,0.7000000000000002
599,0.30000000000000004,3.0,0.1812214314102574,4.0,0.7000000000000002
600,0.30000000000000004,4.0,0.19021588294330954,3.0,0.7000000000000002
601,0.30000000000000004,5.0,0.2618746677317146,3.0,0.7000000000000002
602,0.31000000000000005,2.0,0.1584216692113313,5.0,0.7000000000000002
603,0.31000000000000005,3.0,0.265950778542195,3.0,0.7000000000000002
604,0.31000000000000005,5.0,0.26437976719416556,3.0,0.7000000000000002
605,0.32000000000000006,2.0,0.1584216692113313,5.0,0.7000000000000002
606,0.32000000000000006,3.0,0.265950778542195,3.0,0.7000000000000002
607,0.33,2.0,0.16362871795887754,5.0,0.7000000000000002
608,0.33,3.0,0.28115202324877664,3.0,0.7000000000000002
609,0.34,2.0,0.1664766574542527,5.0,0.7000000000000002
610,0.34,3.0,0.29737430369736195,3.0,0.7000000000000002
611,0.35000000000000003,2.0,0.16157283288620367,4.0,0.7000000000000002
612,0.35000000000000003,3.0,0.29774010401246753,3.0,0.7000000000000002
613,0.36000000000000004,2.0,0.14635568944921024,3.0,0.7000000000000002
614,0.07,2.0,-0.31840641522465823,3.0,0.7500000000000002
615,0.08000000000000002,2.0,-0.3360794154748064,4.0,0.7500000000000002
616,0.09000000000000001,2.0,-0.4174790300875472,7.0,0.7500000000000002
617,0.1,2.0,-0.45124468235484744,8.0,0.7500000000000002
618,0.11000000000000001,2.0,-0.48151698706694374,16.0,0.7500000000000002
619,0.12000000000000001,2.0,-0.45715562055456743,21.0,0.7500000000000002
620,0.12000000000000001,3.0,-0.3850421126458216,4.0,0.7500000000000002
621,0.13,2.0,-0.43465491346845875,26.0,0.7500000000000002
622,0.13,3.0,-0.43187256136099667,6.0,0.7500000000000002
623,0.14,2.0,-0.3858866268435246,32.0,0.7500000000000002
624,0.14,3.0,-0.42845058636429434,8.0,0.7500000000000002
625,0.14,4.0,-0.25995776782157937,3.0,0.7500000000000002
626,0.15000000000000002,2.0,-0.32410001837524344,39.0,0.7500000000000002
627,0.15000000000000002,3.0,-0.4088189365555224,13.0,0.7500000000000002
628,0.15000000000000002,4.0,-0.37406259805366116,4.0,0.7500000000000002
629,0.16000000000000003,2.0,-0.29922496697445156,38.0,0.7500000000000002
630,0.16000000000000003,3.0,-0.3638607306343996,17.0,0.7500000000000002
631,0.16000000000000003,4.0,-0.38390389404411157,5.0,0.7500000000000002
632,0.17000000000000004,2.0,-0.2501438241958815,38.0,0.7500000000000002
633,0.17000000000000004,3.0,-0.316255907837028,18.0,0.7500000000000002
634,0.17000000000000004,4.0,-0.3699017961275257,10.0,0.7500000000000002
635,0.18000000000000005,2.0,-0.21362387088889517,37.0,0.7500000000000002
636,0.18000000000000005,3.0,-0.2623160101451014,22.0,0.7500000000000002
637,0.18000000000000005,4.0,-0.3505048132433423,11.0,0.7500000000000002
638,0.18000000000000005,5.0,-0.21936038735680488,3.0,0.7500000000000002
639,0.19,2.0,-0.18840706550507913,38.0,0.7500000000000002
640,0.19,3.0,-0.24156353399367192,22.0,0.7500000000000002
641,0.19,4.0,-0.30824524701058836,11.0,0.7500000000000002
642,0.19,5.0,-0.28852853957057717,7.0,0.7500000000000002
643,0.19,6.0,-0.21122194146836087,3.0,0.7500000000000002
644,0.2,2.0,-0.19179595802470584,36.0,0.7500000000000002
645,0.2,3.0,-0.24107774734144666,20.0,0.7500000000000002
646,0.2,4.0,-0.2794958411038254,13.0,0.7500000000000002
647,0.2,5.0,-0.3123142628278522,6.0,0.7500000000000002
648,0.2,6.0,-0.2258268675986454,4.0,0.7500000000000002
649,0.21000000000000002,2.0,-0.16959333551086805,33.0,0.7500000000000002
650,0.21000000000000002,3.0,-0.2090768531037374,17.0,0.7500000000000002
651,0.21000000000000002,4.0,-0.2533260601664439,16.0,0.7500000000000002
652,0.21000000000000002,5.0,-0.2293800654628999,5.0,0.7500000000000002
653,0.21000000000000002,6.0,-0.2506755207214623,3.0,0.7500000000000002
654,0.21000000000000002,7.0,-0.27486216151807435,3.0,0.7500000000000002
655,0.22000000000000003,2.0,-0.17010207920746725,33.0,0.7500000000000002
656,0.22000000000000003,3.0,-0.17253237381671213,14.0,0.7500000000000002
657,0.22000000000000003,4.0,-0.22782187639931065,14.0,0.7500000000000002
658,0.22000000000000003,5.0,-0.2467950409256156,7.0,0.7500000000000002
659,0.22000000000000003,6.0,-0.2442613075853309,4.0,0.7500000000000002
660,0.22000000000000003,7.0,-0.28840220729031113,5.0,0.7500000000000002
661,0.23000000000000004,2.0,-0.20137400154034896,28.0,0.7500000000000002
662,0.23000000000000004,3.0,-0.14069566152056687,12.0,0.7500000000000002
663,0.23000000000000004,4.0,-0.18183390047935746,10.0,0.7500000000000002
664,0.23000000000000004,5.0,-0.19181955859985095,7.0,0.7500000000000002
665,0.23000000000000004,6.0,-0.17509418779282138,3.0,0.7500000000000002
666,0.23000000000000004,7.0,-0.26144605103639323,4.0,0.7500000000000002
667,0.23000000000000004,8.0,-0.1806667585498685,3.0,0.7500000000000002
668,0.24000000000000005,2.0,-0.185527849091492,19.0,0.7500000000000002
669,0.24000000000000005,3.0,-0.14331390119975682,12.0,0.7500000000000002
670,0.24000000000000005,4.0,-0.17431809409505386,9.0,0.7500000000000002
671,0.24000000000000005,5.0,-0.1860276404182638,10.0,0.7500000000000002
672,0.24000000000000005,6.0,-0.13354686126594137,3.0,0.7500000000000002
673,0.24000000000000005,7.0,-0.1790651777185137,3.0,0.7500000000000002
674,0.24000000000000005,8.0,-0.2500523013513983,3.0,0.7500000000000002
675,0.24000000000000005,9.0,-0.18714616698907302,3.0,0.7500000000000002
676,0.25000000000000006,2.0,-0.17825356713662585,16.0,0.7500000000000002
677,0.25000000000000006,3.0,-0.11602383617462901,10.0,0.7500000000000002
678,0.25000000000000006,4.0,-0.17151913186787,11.0,0.7500000000000002
679,0.25000000000000006,5.0,-0.17560715278984482,8.0,0.7500000000000002
680,0.25000000000000006,6.0,-0.040894125409565656,3.0,0.7500000000000002
681,0.26000000000000006,2.0,-0.18590200666048745,15.0,0.7500000000000002
682,0.26000000000000006,3.0,-0.1119451301642259,9.0,0.7500000000000002
683,0.26000000000000006,4.0,-0.05387087681146004,8.0,0.7500000000000002
684,0.26000000000000006,5.0,-0.06786892858261623,7.0,0.7500000000000002
685,0.26000000000000006,6.0,0.0008632542765925757,3.0,0.7500000000000002
686,0.26000000000000006,7.0,-0.052807657852026256,3.0,0.7500000000000002
687,0.27,2.0,-0.24602910143913231,14.0,0.7500000000000002
688,0.27,3.0,-0.18720905196774545,7.0,0.7500000000000002
689,0.27,4.0,-0.12436255408309047,5.0,0.7500000000000002
690,0.27,5.0,-0.037461843429221646,6.0,0.7500000000000002
691,0.27,6.0,-0.0028828297615017037,4.0,0.7500000000000002
692,0.27,7.0,-0.05134516309094825,4.0,0.7500000000000002
693,0.27,8.0,-0.09291853351870455,3.0,0.7500000000000002
694,0.28,2.0,-0.16859315310873482,11.0,0.7500000000000002
695,0.28,3.0,-0.05160903604828818,4.0,0.7500000000000002
696,0.28,4.0,-0.09887430444210488,6.0,0.7500000000000002
697,0.28,5.0,0.12979443444031613,4.0,0.7500000000000002
698,0.28,6.0,0.05683831292206577,3.0,0.7500000000000002
699,0.28,7.0,-0.017173731767211414,4.0,0.7500000000000002
700,0.28,8.0,-0.07528332238306784,3.0,0.7500000000000002
701,0.28,9.0,-0.05473337943623935,3.0,0.7500000000000002
702,0.29000000000000004,2.0,-0.17092164702332235,12.0,0.7500000000000002
703,0.29000000000000004,3.0,-0.04752582866217633,4.0,0.7500000000000002
704,0.29000000000000004,4.0,0.08707000650281546,5.0,0.7500000000000002
705,0.29000000000000004,5.0,0.14205546836729718,4.0,0.7500000000000002
706,0.29000000000000004,6.0,0.11801441064115951,3.0,0.7500000000000002
707,0.29000000000000004,7.0,0.0480257899066508,3.0,0.7500000000000002
708,0.29000000000000004,8.0,0.014779309718457125,3.0,0.7500000000000002
709,0.29000000000000004,9.0,-0.06060096786143547,3.0,0.7500000000000002
710,0.30000000000000004,2.0,-0.09428159717095937,11.0,0.7500000000000002
711,0.30000000000000004,4.0,0.07820143509686343,4.0,0.7500000000000002
712,0.30000000000000004,5.0,0.17051810730494138,4.0,0.7500000000000002
713,0.30000000000000004,6.0,0.13346976586851445,3.0,0.7500000000000002
714,0.30000000000000004,8.0,0.060231037445041075,3.0,0.7500000000000002
715,0.31000000000000005,2.0,0.13725544777373347,8.0,0.7500000000000002
716,0.32000000000000006,2.0,0.142164892134326,8.0,0.7500000000000002
717,0.33,2.0,0.14449294324055567,8.0,0.7500000000000002
718,0.34,2.0,0.15389917549787382,8.0,0.7500000000000002
719,0.35000000000000003,2.0,0.14817750049567988,7.0,0.7500000000000002
720,0.36000000000000004,2.0,0.16523769104272742,6.0,0.7500000000000002
721,0.37000000000000005,2.0,0.1914986997043914,5.0,0.7500000000000002
722,0.38000000000000006,2.0,0.14188987009235646,5.0,0.7500000000000002
723,0.39000000000000007,2.0,0.13996466873849234,5.0,0.7500000000000002
724,0.4000000000000001,2.0,0.13996466873849234,5.0,0.7500000000000002
725,0.4100000000000001,2.0,0.24218993480830864,4.0,0.7500000000000002
726,0.42000000000000004,2.0,0.2562506319690305,4.0,0.7500000000000002
727,0.43000000000000005,2.0,0.24895169312728846,4.0,0.7500000000000002
728,0.44000000000000006,2.0,0.23376337193485897,4.0,0.7500000000000002
729,0.45000000000000007,2.0,0.28904657456029054,3.0,0.7500000000000002
730,0.07,2.0,-0.31840641522465823,3.0,0.8000000000000003
731,0.08000000000000002,2.0,-0.3360794154748064,4.0,0.8000000000000003
732,0.09000000000000001,2.0,-0.4174790300875472,7.0,0.8000000000000003
733,0.1,2.0,-0.45124468235484744,8.0,0.8000000000000003
734,0.11000000000000001,2.0,-0.48151698706694374,16.0,0.8000000000000003
735,0.12000000000000001,2.0,-0.45715562055456743,21.0,0.8000000000000003
736,0.12000000000000001,3.0,-0.3850421126458216,4.0,0.8000000000000003
737,0.13,2.0,-0.43465491346845875,26.0,0.8000000000000003
738,0.13,3.0,-0.43187256136099667,6.0,0.8000000000000003
739,0.14,2.0,-0.3858866268435246,32.0,0.8000000000000003
740,0.14,3.0,-0.42845058636429434,8.0,0.8000000000000003
741,0.14,4.0,-0.25995776782157937,3.0,0.8000000000000003
742,0.15000000000000002,2.0,-0.32410001837524344,39.0,0.8000000000000003
743,0.15000000000000002,3.0,-0.4088189365555224,13.0,0.8000000000000003
744,0.15000000000000002,4.0,-0.37406259805366116,4.0,0.8000000000000003
745,0.16000000000000003,2.0,-0.29922496697445156,38.0,0.8000000000000003
746,0.16000000000000003,3.0,-0.3638607306343996,17.0,0.8000000000000003
747,0.16000000000000003,4.0,-0.38390389404411157,5.0,0.8000000000000003
748,0.17000000000000004,2.0,-0.2501438241958815,38.0,0.8000000000000003
749,0.17000000000000004,3.0,-0.316255907837028,18.0,0.8000000000000003
750,0.17000000000000004,4.0,-0.3699017961275257,10.0,0.8000000000000003
751,0.18000000000000005,2.0,-0.21362387088889517,37.0,0.8000000000000003
752,0.18000000000000005,3.0,-0.2623160101451014,22.0,0.8000000000000003
753,0.18000000000000005,4.0,-0.3505048132433423,11.0,0.8000000000000003
754,0.18000000000000005,5.0,-0.21936038735680488,3.0,0.8000000000000003
755,0.19,2.0,-0.18840706550507913,38.0,0.8000000000000003
756,0.19,3.0,-0.24156353399367192,22.0,0.8000000000000003
757,0.19,4.0,-0.30824524701058836,11.0,0.8000000000000003
758,0.19,5.0,-0.28852853957057717,7.0,0.8000000000000003
759,0.19,6.0,-0.21122194146836087,3.0,0.8000000000000003
760,0.2,2.0,-0.19179595802470584,36.0,0.8000000000000003
761,0.2,3.0,-0.24107774734144666,20.0,0.8000000000000003
762,0.2,4.0,-0.2794958411038254,13.0,0.8000000000000003
763,0.2,5.0,-0.3123142628278522,6.0,0.8000000000000003
764,0.2,6.0,-0.2258268675986454,4.0,0.8000000000000003
765,0.21000000000000002,2.0,-0.16959333551086805,33.0,0.8000000000000003
766,0.21000000000000002,3.0,-0.2090768531037374,17.0,0.8000000000000003
767,0.21000000000000002,4.0,-0.2533260601664439,16.0,0.8000000000000003
768,0.21000000000000002,5.0,-0.2293800654628999,5.0,0.8000000000000003
769,0.21000000000000002,6.0,-0.2506755207214623,3.0,0.8000000000000003
770,0.21000000000000002,7.0,-0.27486216151807435,3.0,0.8000000000000003
771,0.22000000000000003,2.0,-0.17010207920746725,33.0,0.8000000000000003
772,0.22000000000000003,3.0,-0.17253237381671213,14.0,0.8000000000000003
773,0.22000000000000003,4.0,-0.22782187639931065,14.0,0.8000000000000003
774,0.22000000000000003,5.0,-0.2467950409256156,7.0,0.8000000000000003
775,0.22000000000000003,6.0,-0.2442613075853309,4.0,0.8000000000000003
776,0.22000000000000003,7.0,-0.28840220729031113,5.0,0.8000000000000003
777,0.23000000000000004,2.0,-0.20137400154034896,28.0,0.8000000000000003
778,0.23000000000000004,3.0,-0.14069566152056687,12.0,0.8000000000000003
779,0.23000000000000004,4.0,-0.18183390047935746,10.0,0.8000000000000003
780,0.23000000000000004,5.0,-0.19181955859985095,7.0,0.8000000000000003
781,0.23000000000000004,6.0,-0.17509418779282138,3.0,0.8000000000000003
782,0.23000000000000004,7.0,-0.26144605103639323,4.0,0.8000000000000003
783,0.23000000000000004,8.0,-0.1806667585498685,3.0,0.8000000000000003
784,0.24000000000000005,2.0,-0.185527849091492,19.0,0.8000000000000003
785,0.24000000000000005,3.0,-0.14331390119975682,12.0,0.8000000000000003
786,0.24000000000000005,4.0,-0.17431809409505386,9.0,0.8000000000000003
787,0.24000000000000005,5.0,-0.1860276404182638,10.0,0.8000000000000003
788,0.24000000000000005,6.0,-0.13354686126594137,3.0,0.8000000000000003
789,0.24000000000000005,7.0,-0.1790651777185137,3.0,0.8000000000000003
790,0.24000000000000005,8.0,-0.2500523013513983,3.0,0.8000000000000003
791,0.24000000000000005,9.0,-0.18714616698907302,3.0,0.8000000000000003
792,0.25000000000000006,2.0,-0.17825356713662585,16.0,0.8000000000000003
793,0.25000000000000006,3.0,-0.11602383617462901,10.0,0.8000000000000003
794,0.25000000000000006,4.0,-0.17151913186787,11.0,0.8000000000000003
795,0.25000000000000006,5.0,-0.17560715278984482,8.0,0.8000000000000003
796,0.25000000000000006,6.0,-0.040894125409565656,3.0,0.8000000000000003
797,0.26000000000000006,2.0,-0.18590200666048745,15.0,0.8000000000000003
798,0.26000000000000006,3.0,-0.1119451301642259,9.0,0.8000000000000003
799,0.26000000000000006,4.0,-0.05387087681146004,8.0,0.8000000000000003
800,0.26000000000000006,5.0,-0.06786892858261623,7.0,0.8000000000000003
801,0.26000000000000006,6.0,0.0008632542765925757,3.0,0.8000000000000003
802,0.26000000000000006,7.0,-0.052807657852026256,3.0,0.8000000000000003
803,0.27,2.0,-0.24602910143913231,14.0,0.8000000000000003
804,0.27,3.0,-0.18720905196774545,7.0,0.8000000000000003
805,0.27,4.0,-0.12436255408309047,5.0,0.8000000000000003
806,0.27,5.0,-0.037461843429221646,6.0,0.8000000000000003
807,0.27,6.0,-0.0028828297615017037,4.0,0.8000000000000003
808,0.27,7.0,-0.05134516309094825,4.0,0.8000000000000003
809,0.27,8.0,-0.09291853351870455,3.0,0.8000000000000003
810,0.28,2.0,-0.16859315310873482,11.0,0.8000000000000003
811,0.28,3.0,-0.05160903604828818,4.0,0.8000000000000003
812,0.28,4.0,-0.09887430444210488,6.0,0.8000000000000003
813,0.28,5.0,0.12979443444031613,4.0,0.8000000000000003
814,0.28,6.0,0.05683831292206577,3.0,0.8000000000000003
815,0.28,7.0,-0.017173731767211414,4.0,0.8000000000000003
816,0.28,8.0,-0.07528332238306784,3.0,0.8000000000000003
817,0.28,9.0,-0.05473337943623935,3.0,0.8000000000000003
818,0.29000000000000004,2.0,-0.17092164702332235,12.0,0.8000000000000003
819,0.29000000000000004,3.0,-0.04752582866217633,4.0,0.8000000000000003
820,0.29000000000000004,4.0,0.08707000650281546,5.0,0.8000000000000003
821,0.29000000000000004,5.0,0.14205546836729718,4.0,0.8000000000000003
822,0.29000000000000004,6.0,0.11801441064115951,3.0,0.8000000000000003
823,0.29000000000000004,7.0,0.0480257899066508,3.0,0.8000000000000003
824,0.29000000000000004,8.0,0.014779309718457125,3.0,0.8000000000000003
825,0.29000000000000004,9.0,-0.06060096786143547,3.0,0.8000000000000003
826,0.30000000000000004,2.0,-0.09428159717095937,11.0,0.8000000000000003
827,0.30000000000000004,4.0,0.07820143509686343,4.0,0.8000000000000003
828,0.30000000000000004,5.0,0.17051810730494138,4.0,0.8000000000000003
829,0.30000000000000004,6.0,0.13346976586851445,3.0,0.8000000000000003
830,0.30000000000000004,8.0,0.060231037445041075,3.0,0.8000000000000003
831,0.31000000000000005,2.0,0.13725544777373347,8.0,0.8000000000000003
832,0.32000000000000006,2.0,0.142164892134326,8.0,0.8000000000000003
833,0.33,2.0,0.14449294324055567,8.0,0.8000000000000003
834,0.34,2.0,0.15389917549787382,8.0,0.8000000000000003
835,0.35000000000000003,2.0,0.14817750049567988,7.0,0.8000000000000003
836,0.36000000000000004,2.0,0.16523769104272742,6.0,0.8000000000000003
837,0.37000000000000005,2.0,0.1914986997043914,5.0,0.8000000000000003
838,0.38000000000000006,2.0,0.14188987009235646,5.0,0.8000000000000003
839,0.39000000000000007,2.0,0.13996466873849234,5.0,0.8000000000000003
840,0.4000000000000001,2.0,0.13996466873849234,5.0,0.8000000000000003
841,0.4100000000000001,2.0,0.24218993480830864,4.0,0.8000000000000003
842,0.42000000000000004,2.0,0.2562506319690305,4.0,0.8000000000000003
843,0.43000000000000005,2.0,0.24895169312728846,4.0,0.8000000000000003
844,0.44000000000000006,2.0,0.23376337193485897,4.0,0.8000000000000003
845,0.45000000000000007,2.0,0.28904657456029054,3.0,0.8000000000000003
846,0.12000000000000001,2.0,-0.2766549236376469,3.0,0.8500000000000003
847,0.13,2.0,-0.43020965579173115,9.0,0.8500000000000003
848,0.14,2.0,-0.4694446645422341,12.0,0.8500000000000003
849,0.15000000000000002,2.0,-0.45671918169399656,15.0,0.8500000000000003
850,0.15000000000000002,3.0,-0.21332551327789828,3.0,0.8500000000000003
851,0.16000000000000003,2.0,-0.44751422851644285,18.0,0.8500000000000003
852,0.16000000000000003,3.0,-0.2736583427222973,4.0,0.8500000000000003
853,0.17000000000000004,2.0,-0.43122403758052796,22.0,0.8500000000000003
854,0.17000000000000004,3.0,-0.36683876763056705,6.0,0.8500000000000003
855,0.18000000000000005,2.0,-0.3979143189765523,25.0,0.8500000000000003
856,0.18000000000000005,3.0,-0.4014247835665912,8.0,0.8500000000000003
857,0.19,2.0,-0.36124765667561654,29.0,0.8500000000000003
858,0.19,3.0,-0.3927259374198143,11.0,0.8500000000000003
859,0.19,4.0,-0.3237395031100419,4.0,0.8500000000000003
860,0.2,2.0,-0.3314900283726587,30.0,0.8500000000000003
861,0.2,3.0,-0.37590266357969904,13.0,0.8500000000000003
862,0.2,4.0,-0.3712313219207908,6.0,0.8500000000000003
863,0.21000000000000002,2.0,-0.3049590593840735,33.0,0.8500000000000003
864,0.21000000000000002,3.0,-0.364429454221153,14.0,0.8500000000000003
865,0.21000000000000002,4.0,-0.36590648888019467,7.0,0.8500000000000003
866,0.22000000000000003,2.0,-0.23946414925497833,41.0,0.8500000000000003
867,0.22000000000000003,3.0,-0.3187575339813123,17.0,0.8500000000000003
868,0.22000000000000003,4.0,-0.3420028083550226,8.0,0.8500000000000003
869,0.22000000000000003,5.0,-0.36105187547208467,6.0,0.8500000000000003
870,0.23000000000000004,2.0,-0.24451529390949409,39.0,0.8500000000000003
871,0.23000000000000004,3.0,-0.3177827226199545,15.0,0.8500000000000003
872,0.23000000000000004,4.0,-0.32394618748275567,8.0,0.8500000000000003
873,0.23000000000000004,5.0,-0.3383300251172169,7.0,0.8500000000000003
874,0.23000000000000004,6.0,-0.25256161067618554,4.0,0.8500000000000003
875,0.24000000000000005,2.0,-0.23403283206072578,39.0,0.8500000000000003
876,0.24000000000000005,3.0,-0.2981080403080295,16.0,0.8500000000000003
877,0.24000000000000005,4.0,-0.3666507366752379,10.0,0.8500000000000003
878,0.24000000000000005,5.0,-0.3147834152483908,6.0,0.8500000000000003
879,0.24000000000000005,6.0,-0.242864375138791,4.0,0.8500000000000003
880,0.24000000000000005,7.0,-0.25764688530391255,3.0,0.8500000000000003
881,0.25000000000000006,2.0,-0.2086718038406658,37.0,0.8500000000000003
882,0.25000000000000006,3.0,-0.2550857741834017,15.0,0.8500000000000003
883,0.25000000000000006,4.0,-0.3130752797001099,9.0,0.8500000000000003
884,0.25000000000000006,5.0,-0.28287913245531887,6.0,0.8500000000000003
885,0.25000000000000006,6.0,-0.2690660913450873,5.0,0.8500000000000003
886,0.25000000000000006,7.0,-0.23136315395267854,4.0,0.8500000000000003
887,0.26000000000000006,2.0,-0.1969078083271843,28.0,0.8500000000000003
888,0.26000000000000006,3.0,-0.21048652091122164,12.0,0.8500000000000003
889,0.26000000000000006,4.0,-0.23066086517283904,8.0,0.8500000000000003
890,0.26000000000000006,5.0,-0.25293520058194513,5.0,0.8500000000000003
891,0.26000000000000006,6.0,-0.23207836062219145,4.0,0.8500000000000003
892,0.26000000000000006,7.0,-0.2577640447128727,4.0,0.8500000000000003
893,0.26000000000000006,8.0,-0.20723346266579584,3.0,0.8500000000000003
894,0.27,2.0,-0.21129302889700521,23.0,0.8500000000000003
895,0.27,3.0,-0.16125401363524522,10.0,0.8500000000000003
896,0.27,4.0,-0.26238937674454066,7.0,0.8500000000000003
897,0.27,5.0,-0.22105466731917475,5.0,0.8500000000000003
898,0.27,6.0,-0.25796128979753646,5.0,0.8500000000000003
899,0.27,7.0,-0.2255214672859854,4.0,0.8500000000000003
900,0.27,9.0,-0.204164537029121,3.0,0.8500000000000003
901,0.28,2.0,-0.20956198292727343,21.0,0.8500000000000003
902,0.28,3.0,-0.2006616405042076,10.0,0.8500000000000003
903,0.28,4.0,-0.0793908876521399,8.0,0.8500000000000003
904,0.28,5.0,-0.18190988248193318,6.0,0.8500000000000003
905,0.28,6.0,-0.24251355901750163,6.0,0.8500000000000003
906,0.28,7.0,-0.20819145878602444,4.0,0.8500000000000003
907,0.28,8.0,-0.21380344792906444,4.0,0.8500000000000003
908,0.28,9.0,-0.2447347708383375,4.0,0.8500000000000003
909,0.29000000000000004,2.0,-0.21383726396570363,19.0,0.8500000000000003
910,0.29000000000000004,3.0,-0.12762418617052632,7.0,0.8500000000000003
911,0.29000000000000004,4.0,-0.07902708654114875,7.0,0.8500000000000003
912,0.29000000000000004,5.0,-0.08282127629640923,5.0,0.8500000000000003
913,0.29000000000000004,6.0,-0.20510900538242693,7.0,0.8500000000000003
914,0.29000000000000004,7.0,-0.18840869090142576,5.0,0.8500000000000003
915,0.29000000000000004,8.0,-0.19121688125333264,4.0,0.8500000000000003
916,0.29000000000000004,9.0,-0.20045177343967271,4.0,0.8500000000000003
917,0.30000000000000004,2.0,-0.059207255829151796,14.0,0.8500000000000003
918,0.30000000000000004,3.0,-0.0360327394651461,5.0,0.8500000000000003
919,0.30000000000000004,4.0,-0.08441389771942738,5.0,0.8500000000000003
920,0.30000000000000004,5.0,-0.0037599691978244033,4.0,0.8500000000000003
921,0.30000000000000004,6.0,-0.045956840505571,4.0,0.8500000000000003
922,0.30000000000000004,7.0,-0.10345370038074263,3.0,0.8500000000000003
923,0.30000000000000004,8.0,-0.14821536049743034,3.0,0.8500000000000003
924,0.30000000000000004,9.0,-0.17485177651439368,3.0,0.8500000000000003
925,0.31000000000000005,2.0,0.04962003808574847,11.0,0.8500000000000003
926,0.31000000000000005,4.0,-0.06156681951456746,3.0,0.8500000000000003
927,0.31000000000000005,5.0,0.0545966678523632,3.0,0.8500000000000003
928,0.31000000000000005,6.0,-0.02756265670474005,4.0,0.8500000000000003
929,0.31000000000000005,8.0,-0.11042329028851595,3.0,0.8500000000000003
930,0.32000000000000006,2.0,0.06356757856040691,10.0,0.8500000000000003
931,0.32000000000000006,4.0,-0.05916061710147773,4.0,0.8500000000000003
932,0.32000000000000006,5.0,0.07592376047211939,3.0,0.8500000000000003
933,0.32000000000000006,6.0,0.0049715718036389914,4.0,0.8500000000000003
934,0.32000000000000006,7.0,-0.028039722952777815,3.0,0.8500000000000003
935,0.32000000000000006,9.0,-0.09010901261383412,3.0,0.8500000000000003
936,0.33,2.0,0.15077802391582965,9.0,0.8500000000000003
937,0.33,4.0,0.16034558495716936,3.0,0.8500000000000003
938,0.33,7.0,0.05960422174913014,3.0,0.8500000000000003
939,0.34,2.0,0.036540385266788156,10.0,0.8500000000000003
940,0.34,4.0,0.16670966646875265,3.0,0.8500000000000003
941,0.35000000000000003,2.0,-0.003493485983063337,12.0,0.8500000000000003
942,0.35000000000000003,3.0,0.1932726204233347,3.0,0.8500000000000003
943,0.35000000000000003,4.0,0.17771459489156774,3.0,0.8500000000000003
944,0.36000000000000004,2.0,-0.014635183986064799,10.0,0.8500000000000003
945,0.37000000000000005,2.0,-0.10293083933473868,8.0,0.8500000000000003
946,0.38000000000000006,2.0,0.15112473957041744,4.0,0.8500000000000003
947,0.39000000000000007,2.0,0.15502241934609853,4.0,0.8500000000000003
948,0.4000000000000001,2.0,0.1599584319895788,4.0,0.8500000000000003
949,0.4100000000000001,2.0,0.17925156072261975,4.0,0.8500000000000003
950,0.42000000000000004,2.0,0.19264917865562828,4.0,0.8500000000000003
951,0.43000000000000005,2.0,0.2001479375152441,4.0,0.8500000000000003
952,0.44000000000000006,2.0,0.22844648164237646,4.0,0.8500000000000003
953,0.45000000000000007,2.0,0.22844648164237646,4.0,0.8500000000000003
954,0.4600000000000001,2.0,0.27650310698385777,3.0,0.8500000000000003
955,0.4700000000000001,2.0,0.2835235671213092,3.0,0.8500000000000003
956,0.4800000000000001,2.0,0.2852814487252867,3.0,0.8500000000000003
957,0.49000000000000005,2.0,0.2889702239145457,3.0,0.8500000000000003
958,0.5000000000000001,2.0,0.2823550511257625,3.0,0.8500000000000003
959,0.5100000000000001,2.0,0.2823550511257625,3.0,0.8500000000000003
960,0.17000000000000004,2.0,-0.36780440894967725,3.0,0.9000000000000004
961,0.18000000000000005,2.0,-0.3830902098890187,5.0,0.9000000000000004
962,0.19,2.0,-0.37517498767084595,6.0,0.9000000000000004
963,0.2,2.0,-0.4226676857888819,8.0,0.9000000000000004
964,0.2,3.0,-0.35964548327757784,3.0,0.9000000000000004
965,0.21000000000000002,2.0,-0.42429075607848465,11.0,0.9000000000000004
966,0.21000000000000002,3.0,-0.3557270321477924,4.0,0.9000000000000004
967,0.22000000000000003,2.0,-0.43942313994335286,13.0,0.9000000000000004
968,0.22000000000000003,3.0,-0.3557270321477924,4.0,0.9000000000000004
969,0.23000000000000004,2.0,-0.425891319547335,14.0,0.9000000000000004
970,0.23000000000000004,3.0,-0.39691458085257475,6.0,0.9000000000000004
971,0.24000000000000005,2.0,-0.3957031108906092,21.0,0.9000000000000004
972,0.24000000000000005,3.0,-0.3815286577410687,7.0,0.9000000000000004
973,0.25000000000000006,2.0,-0.3789730688555845,25.0,0.9000000000000004
974,0.25000000000000006,3.0,-0.3597698006239602,8.0,0.9000000000000004
975,0.25000000000000006,4.0,-0.21864211477010553,3.0,0.9000000000000004
976,0.26000000000000006,2.0,-0.358578187005243,26.0,0.9000000000000004
977,0.26000000000000006,3.0,-0.33453849667607966,9.0,0.9000000000000004
978,0.26000000000000006,4.0,-0.20962686459225816,4.0,0.9000000000000004
979,0.27,2.0,-0.33618393571086547,24.0,0.9000000000000004
980,0.27,3.0,-0.3269310456682155,8.0,0.9000000000000004
981,0.27,4.0,-0.3224637999810017,6.0,0.9000000000000004
982,0.27,5.0,-0.26590739528911966,4.0,0.9000000000000004
983,0.28,2.0,-0.30630270098270806,25.0,0.9000000000000004
984,0.28,3.0,-0.311184137286467,9.0,0.9000000000000004
985,0.28,4.0,-0.29278750148063815,6.0,0.9000000000000004
986,0.28,5.0,-0.22980878240281336,3.0,0.9000000000000004
987,0.28,6.0,-0.20393945426281584,3.0,0.9000000000000004
988,0.29000000000000004,2.0,-0.29199332502303,28.0,0.9000000000000004
989,0.29000000000000004,3.0,-0.27457690267170126,9.0,0.9000000000000004
990,0.29000000000000004,4.0,-0.2622840317044362,6.0,0.9000000000000004
991,0.29000000000000004,5.0,-0.31307582392973105,5.0,0.9000000000000004
992,0.30000000000000004,2.0,-0.2797495090405805,25.0,0.9000000000000004
993,0.30000000000000004,3.0,-0.24486844477875241,9.0,0.9000000000000004
994,0.30000000000000004,4.0,-0.24689843899845407,7.0,0.9000000000000004
995,0.30000000000000004,5.0,-0.25071184042173733,4.0,0.9000000000000004
996,0.30000000000000004,6.0,-0.29218565202627533,4.0,0.9000000000000004
997,0.30000000000000004,7.0,-0.22381396584863886,3.0,0.9000000000000004
998,0.31000000000000005,2.0,-0.3122808944698198,23.0,0.9000000000000004
999,0.31000000000000005,3.0,-0.2620079455534309,9.0,0.9000000000000004
1000,0.31000000000000005,4.0,-0.294062296101294,10.0,0.9000000000000004
1001,0.31000000000000005,5.0,-0.2502510691482464,5.0,0.9000000000000004
1002,0.31000000000000005,6.0,-0.29340684008792356,5.0,0.9000000000000004
1003,0.31000000000000005,7.0,-0.2122199384498489,3.0,0.9000000000000004
1004,0.32000000000000006,2.0,-0.26001250591032876,18.0,0.9000000000000004
1005,0.32000000000000006,3.0,-0.2077522672509354,8.0,0.9000000000000004
1006,0.32000000000000006,4.0,-0.21640576977798068,7.0,0.9000000000000004
1007,0.32000000000000006,5.0,-0.2348569119030079,7.0,0.9000000000000004
1008,0.32000000000000006,6.0,-0.2091368078495065,4.0,0.9000000000000004
1009,0.32000000000000006,7.0,-0.23118534858711498,3.0,0.9000000000000004
1010,0.32000000000000006,8.0,-0.19438251560127848,3.0,0.9000000000000004
1011,0.32000000000000006,9.0,-0.21253568452516686,3.0,0.9000000000000004
1012,0.33,2.0,-0.2536049467507831,16.0,0.9000000000000004
1013,0.33,3.0,-0.19131404104510877,7.0,0.9000000000000004
1014,0.33,4.0,-0.14013931487331097,4.0,0.9000000000000004
1015,0.33,5.0,-0.1915063012086239,4.0,0.9000000000000004
1016,0.33,6.0,-0.15162022175883863,3.0,0.9000000000000004
1017,0.33,7.0,-0.19180573922109254,3.0,0.9000000000000004
1018,0.33,8.0,-0.25598446096015587,4.0,0.9000000000000004
1019,0.33,9.0,-0.18309697435919353,3.0,0.9000000000000004
1020,0.34,2.0,-0.2756026586122389,16.0,0.9000000000000004
1021,0.34,3.0,-0.1153004649829087,5.0,0.9000000000000004
1022,0.34,4.0,-0.10126481062728443,3.0,0.9000000000000004
1023,0.34,5.0,-0.17607798669238484,5.0,0.9000000000000004
1024,0.34,7.0,-0.14780812815423147,3.0,0.9000000000000004
1025,0.34,8.0,-0.21211967561563044,4.0,0.9000000000000004
1026,0.34,9.0,-0.23179767922121727,4.0,0.9000000000000004
1027,0.35000000000000003,2.0,-0.24550049642903432,15.0,0.9000000000000004
1028,0.35000000000000003,3.0,-0.11033406446720831,6.0,0.9000000000000004
1029,0.35000000000000003,4.0,-0.08435636562085574,3.0,0.9000000000000004
1030,0.35000000000000003,5.0,-0.21852923170095742,7.0,0.9000000000000004
1031,0.35000000000000003,6.0,-0.14995980752830074,3.0,0.9000000000000004
1032,0.35000000000000003,9.0,-0.20293591053010052,3.0,0.9000000000000004
1033,0.36000000000000004,2.0,-0.21681845220180188,14.0,0.9000000000000004
1034,0.36000000000000004,3.0,-0.08928757466201037,6.0,0.9000000000000004
1035,0.36000000000000004,4.0,0.06216007647425997,3.0,0.9000000000000004
1036,0.36000000000000004,5.0,-0.13138836897415082,5.0,0.9000000000000004
1037,0.36000000000000004,6.0,-0.14917521972392392,4.0,0.9000000000000004
1038,0.37000000000000005,2.0,-0.19043968935128439,14.0,0.9000000000000004
1039,0.37000000000000005,3.0,-0.07508135217291839,6.0,0.9000000000000004
1040,0.37000000000000005,4.0,0.08668334165320951,3.0,0.9000000000000004
1041,0.37000000000000005,5.0,-0.04318640375906288,3.0,0.9000000000000004
1042,0.38000000000000006,2.0,-0.18372543376061573,13.0,0.9000000000000004
1043,0.38000000000000006,3.0,0.003608728236607098,5.0,0.9000000000000004
1044,0.38000000000000006,4.0,0.10230472431718583,3.0,0.9000000000000004
1045,0.38000000000000006,5.0,-0.03637199263113796,3.0,0.9000000000000004
1046,0.39000000000000007,2.0,-0.11721540868859602,11.0,0.9000000000000004
1047,0.39000000000000007,3.0,-0.04089895369913649,4.0,0.9000000000000004
1048,0.39000000000000007,4.0,0.0607665792092479,3.0,0.9000000000000004
1049,0.4000000000000001,2.0,-0.08377558409680398,8.0,0.9000000000000004
1050,0.4000000000000001,3.0,-0.03628511919791469,4.0,0.9000000000000004
1051,0.4000000000000001,4.0,0.07092002038845847,3.0,0.9000000000000004
1052,0.4000000000000001,7.0,-0.012939737795558473,3.0,0.9000000000000004
1053,0.4100000000000001,2.0,-0.03248417044495875,8.0,0.9000000000000004
1054,0.4100000000000001,3.0,0.06341477674451748,3.0,0.9000000000000004
1055,0.42000000000000004,2.0,-0.10260873965464623,6.0,0.9000000000000004
1056,0.42000000000000004,8.0,0.0022628717486844834,3.0,0.9000000000000004
1057,0.43000000000000005,2.0,0.008176735281020685,5.0,0.9000000000000004
1058,0.44000000000000006,2.0,0.01190462721087567,4.0,0.9000000000000004
1059,0.45000000000000007,2.0,0.04887213941891889,4.0,0.9000000000000004
1060,0.4600000000000001,2.0,0.048456062216202134,4.0,0.9000000000000004
1061,0.4700000000000001,2.0,0.05238058793176093,4.0,0.9000000000000004
1062,0.4800000000000001,2.0,0.048370205562663394,4.0,0.9000000000000004
1063,0.49000000000000005,2.0,0.04974213459819014,4.0,0.9000000000000004
1064,0.5000000000000001,2.0,0.0439403624912517,5.0,0.9000000000000004
1065,0.5100000000000001,2.0,0.2013881992403138,4.0,0.9000000000000004
1066,0.5200000000000001,2.0,0.24202145879149056,3.0,0.9000000000000004
1067,0.5300000000000001,2.0,0.24159821734377787,3.0,0.9000000000000004
1068,0.5400000000000001,2.0,0.24773622327043096,3.0,0.9000000000000004
1069,0.5500000000000002,2.0,0.2643526314794001,3.0,0.9000000000000004
1070,0.5600000000000002,2.0,0.2643526314794001,3.0,0.9000000000000004
1071,0.5700000000000002,2.0,0.26594505625538495,3.0,0.9000000000000004
1072,0.5800000000000002,2.0,0.27529341865081636,3.0,0.9000000000000004
1073,0.5900000000000002,2.0,0.20788670165182088,4.0,0.9000000000000004
1074,0.6000000000000002,2.0,0.29353600606016084,3.0,0.9000000000000004
1075,0.6100000000000001,2.0,0.2875696760914151,3.0,0.9000000000000004
